<?xml version="1.0" encoding="UTF-8"?>
<config date="1524329412100" transient="false">
	<site updateable="true" url="platform:/base/" enabled="true" policy="USER-EXCLUDE">
		<feature id="org.eclipse.ecf.filetransfer.feature" version="3.13.8.v20170715-2257" url="features/org.eclipse.ecf.filetransfer.feature_3.13.8.v20170715-2257/">
		</feature>
		<feature id="org.eclipse.ecf.core.feature" version="1.4.0.v20170516-2248" url="features/org.eclipse.ecf.core.feature_1.4.0.v20170516-2248/">
		</feature>
		<feature id="org.eclipse.platform" version="4.7.3.v20180330-0640" url="features/org.eclipse.platform_4.7.3.v20180330-0640/">
		</feature>
		<feature id="org.eclipse.ecf.core.ssl.feature" version="1.1.0.v20170110-1317" url="features/org.eclipse.ecf.core.ssl.feature_1.1.0.v20170110-1317/">
		</feature>
		<feature id="org.eclipse.ecf.filetransfer.httpclient4.ssl.feature" version="1.1.0.v20170110-1317" url="features/org.eclipse.ecf.filetransfer.httpclient4.ssl.feature_1.1.0.v20170110-1317/">
		</feature>
		<feature id="org.eclipse.equinox.p2.user.ui" version="2.3.2.v20171108-1343" url="features/org.eclipse.equinox.p2.user.ui_2.3.2.v20171108-1343/">
		</feature>
		<feature id="org.eclipse.help" version="2.2.104.v20180330-0640" url="features/org.eclipse.help_2.2.104.v20180330-0640/" plugin-identifier="org.eclipse.help.base">
		</feature>
		<feature id="org.eclipse.ecf.filetransfer.httpclient4.feature" version="3.13.8.v20170715-2257" url="features/org.eclipse.ecf.filetransfer.httpclient4.feature_3.13.8.v20170715-2257/">
		</feature>
		<feature id="org.eclipse.e4.rcp" version="1.6.3.v20180329-0507" url="features/org.eclipse.e4.rcp_1.6.3.v20180329-0507/">
		</feature>
		<feature id="org.eclipse.equinox.p2.rcp.feature" version="1.3.2.v20171108-1343" url="features/org.eclipse.equinox.p2.rcp.feature_1.3.2.v20171108-1343/">
		</feature>
		<feature id="org.eclipse.equinox.p2.core.feature" version="1.4.1.v20170928-1405" url="features/org.eclipse.equinox.p2.core.feature_1.4.1.v20170928-1405/">
		</feature>
		<feature id="org.eclipse.emf.ecore" version="2.13.0.v20170609-0707" url="features/org.eclipse.emf.ecore_2.13.0.v20170609-0707/">
		</feature>
		<feature id="org.eclipse.rcp" version="4.7.3.v20180330-0640" url="features/org.eclipse.rcp_4.7.3.v20180330-0640/">
		</feature>
		<feature id="org.eclipse.emf.common" version="2.13.0.v20170609-0707" url="features/org.eclipse.emf.common_2.13.0.v20170609-0707/">
		</feature>
		<feature id="org.eclipse.ecf.filetransfer.ssl.feature" version="1.1.0.v20170110-1317" url="features/org.eclipse.ecf.filetransfer.ssl.feature_1.1.0.v20170110-1317/">
		</feature>
		<feature id="org.eclipse.equinox.p2.extras.feature" version="1.3.1.v20170928-1405" url="features/org.eclipse.equinox.p2.extras.feature_1.3.1.v20170928-1405/">
		</feature>
	</site>
</config>
